{"cameraMode":{"drawMode":0,"name":"Shaded","section":"Shading Mode"},"sceneLighting":true,"audioPlay":true,"sceneViewState":{"showFog":true,"showMaterialUpdate":true,"showSkybox":true,"showFlares":true,"showImageEffects":true,"showParticleSystems":true},"in2DMode":false,"pivot":{"x":-2.4142329692840578,"y":-2.482027769088745,"z":-3.124863862991333},"rotation":{"x":-0.08889827877283097,"y":0.9030621647834778,"z":-0.22704307734966279,"w":-0.35359227657318118},"size":10.0,"orthographic":false}